CmsModel-0.0-bus_2,MV Bus 2
e_min_flex
-400.0
-399.4160000000004
-398.83199999999994
-398.2480000000003
-398.64000000000016
-399.03199999999975
-399.42399999999975
-400.68800000000005
-401.95200000000034
-403.21599999999995
-405.3279999999997
-407.4399999999998
